Product,Salary from (AED),Salary to (AED),Target
Credit Card,4000,4499,5850
Personal Loan,4000,4499,500000
Auto Loan,4000,4499,2400
Credit Card,4500,4999,6650
Personal Loan,4500,4999,550000
Auto Loan,4500,4999,3200
Credit Card,5000,5499,7450
Personal Loan,5000,5499,600000
Auto Loan,5000,5499,4000
Credit Card,5500,5999,8250
Personal Loan,5500,5999,650000
Auto Loan,5500,5999,4800
Credit Card,6000,6499,9050
Personal Loan,6000,6499,700000
Auto Loan,6000,6499,5600
Credit Card,6500,6999,9850
Personal Loan,6500,6999,750000
Auto Loan,6500,6999,6400
Credit Card,7000,7499,10650
Personal Loan,7000,7499,800000
Auto Loan,7000,7499,7200
Credit Card,7500,7999,11450
Personal Loan,7500,7999,850000
Auto Loan,7500,7999,8000
Credit Card,8000,8499,12250
Personal Loan,8000,8499,900000
Auto Loan,8000,8499,8800
Credit Card,8500,8999,13050
Personal Loan,8500,8999,950000
Auto Loan,8500,8999,9600
Credit Card,9000,9499,13850
Personal Loan,9000,9499,1000000
Auto Loan,9000,9499,10400
Credit Card,9500,9999,14650
Personal Loan,9500,9999,1050000
Auto Loan,9500,9999,11200
Credit Card,10000,10499,15450
Personal Loan,10000,10499,1100000
Auto Loan,10000,10499,12000
Credit Card,10500,10999,16250
Personal Loan,10500,10999,1150000
Auto Loan,10500,10999,12800
Credit Card,11000,11499,17050
Personal Loan,11000,11499,1200000
Auto Loan,11000,11499,13600
Credit Card,11500,11999,17850
Personal Loan,11500,11999,1250000
Auto Loan,11500,11999,14400
Credit Card,12000,12499,18650
Personal Loan,12000,12499,1300000
Auto Loan,12000,12499,15200
Credit Card,12500,12999,19450
Personal Loan,12500,12999,1350000
Auto Loan,12500,12999,16000
Credit Card,13000,13499,20250
Personal Loan,13000,13499,1400000
Auto Loan,13000,13499,16800
Credit Card,13500,13999,21050
Personal Loan,13500,13999,1450000
Auto Loan,13500,13999,17600
Credit Card,14000,14499,21850
Personal Loan,14000,14499,1500000
Auto Loan,14000,14499,18400
Credit Card,14500,14999,22650
Personal Loan,14500,14999,1550000
Auto Loan,14500,14999,19200
