Full name,HRMS code,Email,Role,Local mobile,WhatsApp number,Date of joining,Date of leaving,Region,Sales code,Team leader email,Sales manager email,Assistant sales manager email,Monthly salary (AED),Core product,Temporary password
Neeraj Singh,,neeraj.singh@derbygroup.local,Sales manager,,,,,DXB,,,,,,,
Priyanka,,priyanka@derbygroup.local,Sales manager,,,,,DXB,,,,,,,
Tanveer Shirgar,,tanveer.shirgar@derbygroup.local,Sales manager,,,,,DXB,,,,,,,
Jayakrishnan,,jayakrishnan@derbygroup.local,Sales manager,,,,,DXB,,,,,,,
Jigar Bhavsar,,jigar.bhavsar@derbygroup.local,Sales manager,,,,,DXB,,,,,,,
Shaharyab Khan,,shaharyab.khan@derbygroup.local,Sales manager,,,,,DXB,,,,,,,
Varun Gupta,,varun.gupta@derbygroup.local,Sales manager,,,,,DXB,,,,,,,
Praphuldas,,praphuldas@derbygroup.local,Sales manager,,,,,AUH,,,,,,,
Abdul Kader,,abdul.kader@derbygroup.local,Sales manager,,,,,AUH,,,,,,,
Praveen Pv,,praveen.pv@derbygroup.local,Sales manager,,,,,AUH,,,,,,,
Abin Cherian,,abin.cherian@derbygroup.local,Team leader,,,,,DXB,,,,,,,
Binu,,binu@derbygroup.local,Team leader,,,,,DXB,,,,,,,
Faraz Akram,,faraz.akram@derbygroup.local,Team leader,,,,,DXB,,,,,,,
Sangaralingam,,sangaralingam@derbygroup.local,Team leader,,,,,DXB,,,,,,,
Venu Gopal,,venu.gopal@derbygroup.local,Team leader,,,,,DXB,,,,,,,
Afnan Fafoo,,afnan.fafoo@derbygroup.local,Team leader,,,,,DXB,,,,,,,
Sabu Sanoj Kocheekaran Veedu Joseph,,sabu.sanoj.kocheekaran.veedu.joseph@derbygroup.local,Team leader,,,,,DXB,,,,,,,
Beenamol,,beenamol@derbygroup.local,Team leader,,,,,DXB,,,,,,,
Karuppannan Gopalan,,karuppannan.gopalan@derbygroup.local,Team leader,,,,,DXB,,,,,,,
Amal Kavattuparayil Krishnankutty,,amal.kavattuparayil.krishnankutty@derbygroup.local,Team leader,,,,,DXB,,,,,,,
Anum Zadi,,anum.zadi@derbygroup.local,Team leader,,,,,DXB,,,,,,,
Bejosh,,bejosh@derbygroup.local,Team leader,,,,,DXB,,,,,,,
Hajirath Bilkees,,hajirath.bilkees@derbygroup.local,Team leader,,,,,DXB,,,,,,,
Ignatius Pramod Fernandes,,ignatius.pramod.fernandes@derbygroup.local,Team leader,,,,,DXB,,,,,,,
Basil Mushthaq,,basil.mushthaq@derbygroup.local,Team leader,,,,,DXB,,,,,,,
Rekha Rani Khanna,,rekha.rani.khanna@derbygroup.local,Team leader,,,,,DXB,,,,,,,
Shailendra,,shailendra@derbygroup.local,Team leader,,,,,DXB,,,,,,,
Raji John,,raji.john@derbygroup.local,Team leader,,,,,DXB,,,,,,,
John Pearl,,john.pearl@derbygroup.local,Team leader,,,,,AUH,,,,,,,
Khaled Eslam,,khaled.eslam@derbygroup.local,Team leader,,,,,AUH,,,,,,,
Mrudula Thirunilathil,,mrudula.thirunilathil@derbygroup.local,Team leader,,,,,AUH,,,,,,,
Muhammad Shariq Khan,,muhammad.shariq.khan@derbygroup.local,Team leader,,,,,AUH,,,,,,,
Mahmoud Abdelshafy,,mahmoud.abdelshafy@derbygroup.local,Team leader,,,,,AUH,,,,,,,
Anoop Kumar Ramachandran,,anoop.kumar.ramachandran@derbygroup.local,Team leader,,,,,AUH,,,,,,,
Jamshed Javed,,jamshed.javed@derbygroup.local,Team leader,,,,,AUH,,,,,,,
Jibin Rajan,,jibin.rajan@derbygroup.local,Team leader,,,,,AUH,,,,,,,
Laijomon Joseph,,laijomon.joseph@derbygroup.local,Team leader,,,,,AUH,,,,,,,
Manu Mathew,,manu.mathew@derbygroup.local,Team leader,,,,,AUH,,,,,,,
Mirza Sajid Beig,,mirza.sajid.beig@derbygroup.local,Team leader,,,,,AUH,,,,,,,
Mostafa Yahia,,mostafa.yahia@derbygroup.local,Team leader,,,,,AUH,,,,,,,
Muhammad Fakhar E Alam Khan,,muhammad.fakhar.e.alam.khan@derbygroup.local,Team leader,,,,,AUH,,,,,,,
Sajjad Hussain,,sajjad.hussain@derbygroup.local,Team leader,,,,,AUH,,,,,,,
Suneel Kumar Jain,,suneel.kumar.jain@derbygroup.local,Team leader,,,,,AUH,,,,,,,
Susil Kumar Radha Sudhakaran,,susil.kumar.radha.sudhakaran@derbygroup.local,Team leader,,,,,AUH,,,,,,,
Tariq Ali Khan,,tariq.ali.khan@derbygroup.local,Team leader,,,,,AUH,,,,,,,
Zeeshan Patel,,zeeshan.patel@derbygroup.local,Team leader,,,,,AUH,,,,,,,
Mohammad Fajan Ali,7337,hrms7337@derbygroup.local,Sales,,,2018-11-19,,DXB,A2A1,abin.cherian@derbygroup.local,neeraj.singh@derbygroup.local,,5000,Credit Cards,
Varun Anandakuttan Nair Geethakumari,6434,hrms6434@derbygroup.local,Sales,,,2023-01-31,,DXB,B9T4,abin.cherian@derbygroup.local,neeraj.singh@derbygroup.local,,5000,Credit Cards,
Muhammed Nizar Palodathum Kandy,4221,hrms4221@derbygroup.local,Sales,,,2024-02-19,,DXB,C9U8,abin.cherian@derbygroup.local,neeraj.singh@derbygroup.local,,5000,Credit Cards,
Shinto George,3908,hrms3908@derbygroup.local,Sales,,,2024-04-01,,DXB,D2B3,abin.cherian@derbygroup.local,neeraj.singh@derbygroup.local,,4000,Credit Cards,
Romel Aziz,5343,hrms5343@derbygroup.local,Sales,,,2023-09-21,,DXB,C6I8,abin.cherian@derbygroup.local,neeraj.singh@derbygroup.local,,5000,Credit Cards,
Prabakaran Murugesan,7329,hrms7329@derbygroup.local,Sales,,,2020-09-23,,DXB,A6G7,abin.cherian@derbygroup.local,neeraj.singh@derbygroup.local,,5000,Credit Cards,
Shareef Ali Mayamoochikkel Saidalavi,4706,hrms4706@derbygroup.local,Sales,,,2023-12-07,,DXB,C7Z5,abin.cherian@derbygroup.local,neeraj.singh@derbygroup.local,,4000,Credit Cards,
Abhijith Vattamparambil Rajan,7324,hrms7324@derbygroup.local,Sales,,,2019-07-17,,DXB,A2Q8,abin.cherian@derbygroup.local,neeraj.singh@derbygroup.local,,6000,Personal Loans,
Alvin Pervaiz,3464,hrms3464@derbygroup.local,Sales,,,2024-06-06,,DXB,D4B6,abin.cherian@derbygroup.local,neeraj.singh@derbygroup.local,,4000,Personal Loans,
Harun Beg,2143,hrms2143@derbygroup.local,Sales,,,2024-10-21,,DXB,D7L8,binu@derbygroup.local,neeraj.singh@derbygroup.local,,4000,Credit Cards,
Hareesh Kottarathil,1574,hrms1574@derbygroup.local,Sales,,,2024-12-17,,DXB,D9Q7,binu@derbygroup.local,neeraj.singh@derbygroup.local,,4000,Credit Cards,
Sajeesh Kannakottu,12656,hrms12656@derbygroup.local,Sales,,,2025-02-13,,DXB,E2J2,binu@derbygroup.local,neeraj.singh@derbygroup.local,,5000,Credit Cards,
Mohammad Manjar Alli,4134,hrms4134@derbygroup.local,Sales,,,2024-03-05,,DXB,C9W8,binu@derbygroup.local,neeraj.singh@derbygroup.local,,4000,Credit Cards,
Shiny Mathews,1571,hrms1571@derbygroup.local,Sales,,,2024-12-17,,DXB,D9Q6,binu@derbygroup.local,neeraj.singh@derbygroup.local,,5000,Credit Cards,
Rahul Gopinathan,28496,hrms28496@derbygroup.local,Sales,,,2025-09-01,,DXB,E7J1,binu@derbygroup.local,neeraj.singh@derbygroup.local,,4000,Credit Cards,
Dhinu Francis,34846,hrms34846@derbygroup.local,Sales,,,2026-04-23,,DXB,F3M7,binu@derbygroup.local,neeraj.singh@derbygroup.local,,4000,Credit Cards,
Anusha Khan,32884,hrms32884@derbygroup.local,Sales,,,2025-12-23,,DXB,E9X4,faraz.akram@derbygroup.local,neeraj.singh@derbygroup.local,,4000,Credit Cards,
Muhammad Umair,22587,hrms22587@derbygroup.local,Sales,,,2025-06-25,,DXB,E5Z5,faraz.akram@derbygroup.local,neeraj.singh@derbygroup.local,,5000,Credit Cards,
Syed Wasim Ul Hassan Gilani,23762,hrms23762@derbygroup.local,Sales,,,2025-07-08,,DXB,E6C6,faraz.akram@derbygroup.local,neeraj.singh@derbygroup.local,,4000,Credit Cards,
Muhammed Ismail Thazhe Veettil,32631,hrms32631@derbygroup.local,Sales,,,2025-09-25,,DXB,E8B9,faraz.akram@derbygroup.local,neeraj.singh@derbygroup.local,,4000,Credit Cards,
Santhakumar Anbalagan,32618,hrms32618@derbygroup.local,Sales,,,2025-10-01,,DXB,E8B8,faraz.akram@derbygroup.local,neeraj.singh@derbygroup.local,,4500,Credit Cards,
Abdul Karim Bawany,28692,hrms28692@derbygroup.local,Sales,,,2025-12-22,,DXB,E9V1,faraz.akram@derbygroup.local,neeraj.singh@derbygroup.local,,4000,Credit Cards,
Karthik Chinthala,33741,hrms33741@derbygroup.local,Sales,,,2026-03-24,,DXB,F2M2,faraz.akram@derbygroup.local,neeraj.singh@derbygroup.local,,4000,Credit Cards,
Mritunjay Kumar,24340,hrms24340@derbygroup.local,Sales,,,2025-08-01,,DXB,E6W7,faraz.akram@derbygroup.local,neeraj.singh@derbygroup.local,,6500,Credit Cards,
Liza Cruz Vega,7331,hrms7331@derbygroup.local,Sales,,,2020-08-27,,DXB,A5P1,priyanka@derbygroup.local,neeraj.singh@derbygroup.local,,4000,Credit Cards,
Mohammed Shafeel Abdulkhader,5950,hrms5950@derbygroup.local,Sales,,,2023-06-06,,DXB,C4D9,priyanka@derbygroup.local,neeraj.singh@derbygroup.local,,4000,Credit Cards,
Bijay Subba,3907,hrms3907@derbygroup.local,Sales,,,2024-05-15,,DXB,D3F5,priyanka@derbygroup.local,neeraj.singh@derbygroup.local,,4000,Credit Cards,
Shifas Shakeer,2076,hrms2076@derbygroup.local,Sales,,,2024-10-28,,DXB,D7L5,priyanka@derbygroup.local,neeraj.singh@derbygroup.local,,4000,Credit Cards,
Sujith Purushothaman,7352,hrms7352@derbygroup.local,Sales,,,2020-08-24,,DXB,A5J9,priyanka@derbygroup.local,neeraj.singh@derbygroup.local,,5000,Credit Cards,
Sudhi Pothera,7271,hrms7271@derbygroup.local,Sales,,,2021-03-15,,DXB,A8M1,priyanka@derbygroup.local,neeraj.singh@derbygroup.local,,6000,Credit Cards,
Nabeel Karakulam Abubaker,7123,hrms7123@derbygroup.local,Sales,,,2022-04-04,,DXB,B2W2,priyanka@derbygroup.local,neeraj.singh@derbygroup.local,,4000,Credit Cards,
Harshab Peediyekal Valappil,6435,hrms6435@derbygroup.local,Sales,,,2023-01-31,,DXB,B9T5,priyanka@derbygroup.local,neeraj.singh@derbygroup.local,,4000,Credit Cards,
Savahir Saravutheen,5341,hrms5341@derbygroup.local,Sales,,,2023-09-19,,DXB,C6J9,priyanka@derbygroup.local,neeraj.singh@derbygroup.local,,5000,Credit Cards,
Sunil Babu Cheroli Parambath,3795,hrms3795@derbygroup.local,Sales,,,2024-04-22,,DXB,D2Q2,priyanka@derbygroup.local,neeraj.singh@derbygroup.local,,4000,Credit Cards,
Shibin Arukatt Balan,6839,hrms6839@derbygroup.local,Sales,,,2022-06-20,,DXB,B7C2,priyanka@derbygroup.local,neeraj.singh@derbygroup.local,,4000,Credit Cards,
Jinu Agastine Pulikkal Mattel Agastine,32472,hrms32472@derbygroup.local,Sales,,,2025-12-23,,DXB,E9V7,priyanka@derbygroup.local,neeraj.singh@derbygroup.local,,4000,Credit Cards,
Shahul Hameed Peer Mohammed,35419,hrms35419@derbygroup.local,Sales,,,2026-04-23,,DXB,F3M6,priyanka@derbygroup.local,neeraj.singh@derbygroup.local,,4000,Credit Cards,
Jan Reymar Cruz Brotonel,7323,hrms7323@derbygroup.local,Sales,,,2021-10-31,,DXB,A9F8,priyanka@derbygroup.local,neeraj.singh@derbygroup.local,,4000,Personal Loans,
Dalvin Davis,7328,hrms7328@derbygroup.local,Sales,,,2020-09-26,,DXB,A5Y3,priyanka@derbygroup.local,neeraj.singh@derbygroup.local,,5000,Personal Loans,
Bhaskar Sharma,3719,hrms3719@derbygroup.local,Sales,,,2024-05-01,,DXB,D2N4,sangaralingam@derbygroup.local,neeraj.singh@derbygroup.local,,4000,Credit Cards,
Pankaj Kumar,7348,hrms7348@derbygroup.local,Sales,,,2020-02-16,,DXB,A4F9,sangaralingam@derbygroup.local,neeraj.singh@derbygroup.local,,4000,Credit Cards,
Binu Mannambeth Kulangara,6651,hrms6651@derbygroup.local,Sales,,,2022-10-13,,DXB,B7S5,sangaralingam@derbygroup.local,neeraj.singh@derbygroup.local,,4000,Credit Cards,
Abdulla Mohd Safiulla Sayyed,6465,hrms6465@derbygroup.local,Sales,,,2022-12-13,,DXB,B8R4,sangaralingam@derbygroup.local,neeraj.singh@derbygroup.local,,5000,Credit Cards,
Karthik Nagaraju,6305,hrms6305@derbygroup.local,Sales,,,2023-02-06,,DXB,B9U7,sangaralingam@derbygroup.local,neeraj.singh@derbygroup.local,,4000,Credit Cards,
Sushant Jain,4165,hrms4165@derbygroup.local,Sales,,,2024-02-27,,DXB,C9U9,sangaralingam@derbygroup.local,neeraj.singh@derbygroup.local,,5000,Credit Cards,
Mohammad Anas,4163,hrms4163@derbygroup.local,Sales,,,2024-03-04,,DXB,C9X2,sangaralingam@derbygroup.local,neeraj.singh@derbygroup.local,,4000,Credit Cards,
Aisha Mehboob,35421,hrms35421@derbygroup.local,Sales,,,2026-06-04,,DXB,F4I3,sangaralingam@derbygroup.local,neeraj.singh@derbygroup.local,,4000,Credit Cards,
Shaik Imran,3721,hrms3721@derbygroup.local,Sales,,,2024-05-08,,DXB,D2M7,venu.gopal@derbygroup.local,neeraj.singh@derbygroup.local,,4000,Credit Cards,
Ifran Pervaz,7231,hrms7231@derbygroup.local,Sales,,,2021-10-31,,DXB,A6F9,venu.gopal@derbygroup.local,neeraj.singh@derbygroup.local,,5000,Credit Cards,
Mohammed Bilal,4386,hrms4386@derbygroup.local,Sales,,,2024-02-01,,DXB,C8U4,venu.gopal@derbygroup.local,neeraj.singh@derbygroup.local,,4000,Credit Cards,
Mohd Amjad,3906,hrms3906@derbygroup.local,Sales,,,2024-04-01,,DXB,D1T8,venu.gopal@derbygroup.local,neeraj.singh@derbygroup.local,,4000,Credit Cards,
Sundas Patrus Shahid,3718,hrms3718@derbygroup.local,Sales,,,2024-04-25,,DXB,D2E4,venu.gopal@derbygroup.local,neeraj.singh@derbygroup.local,,4000,Credit Cards,
Jaisan Rojar Jeyalees,21211,hrms21211@derbygroup.local,Sales,,,2025-05-15,,DXB,E3G8,venu.gopal@derbygroup.local,neeraj.singh@derbygroup.local,,4000,Credit Cards,
Stenin Jose Rajan,35714,hrms35714@derbygroup.local,Sales,,,2026-07-13,,DXB,F4T4,venu.gopal@derbygroup.local,neeraj.singh@derbygroup.local,,4000,Credit Cards,
Jatinder Pal Singh,4630,hrms4630@derbygroup.local,Sales,,,2023-12-14,,DXB,C8G2,venu.gopal@derbygroup.local,neeraj.singh@derbygroup.local,,4000,Personal Loans,
Suma Adnan Khan,22247,hrms22247@derbygroup.local,Sales,,,2025-05-16,,DXB,E5D7,venu.gopal@derbygroup.local,neeraj.singh@derbygroup.local,,5000,Personal Loans,
Umar Irshad Masoodi,2320,hrms2320@derbygroup.local,Sales,,,2024-09-27,,DXB,D7N9,afnan.fafoo@derbygroup.local,priyanka@derbygroup.local,,5000,Credit Cards,
Azeem Sisupalan,3572,hrms3572@derbygroup.local,Sales,,,2024-05-20,,DXB,D2Y6,afnan.fafoo@derbygroup.local,priyanka@derbygroup.local,,5000,Credit Cards,
Vinil Raj Vijayan,3539,hrms3539@derbygroup.local,Sales,,,2024-05-28,,DXB,D2Y8,afnan.fafoo@derbygroup.local,priyanka@derbygroup.local,,5000,Credit Cards,
Faizan Ali Khaked,24309,hrms24309@derbygroup.local,Sales,,,2025-09-25,,DXB,E8J5,afnan.fafoo@derbygroup.local,priyanka@derbygroup.local,,4000,Credit Cards,
Mohammad Amir Irfan,5484,hrms5484@derbygroup.local,Sales,,,2024-04-04,,DXB,D2T7,afnan.fafoo@derbygroup.local,priyanka@derbygroup.local,,4000,Credit Cards,
Maliha Anum,3687,hrms3687@derbygroup.local,Sales,,,2024-04-30,,DXB,D2Z8,afnan.fafoo@derbygroup.local,priyanka@derbygroup.local,,4000,Credit Cards,
Ishfaq Majeed Hakeem,2277,hrms2277@derbygroup.local,Sales,,,2024-10-03,,DXB,D7P1,afnan.fafoo@derbygroup.local,priyanka@derbygroup.local,,5000,Credit Cards,
Syed Afwaz,3376,hrms3376@derbygroup.local,Sales,,,2024-06-25,,DXB,D3X7,afnan.fafoo@derbygroup.local,priyanka@derbygroup.local,,5000,Credit Cards,
Gowhar Ali,34774,hrms34774@derbygroup.local,Sales,,,2026-04-06,,DXB,F2Z3,afnan.fafoo@derbygroup.local,priyanka@derbygroup.local,,4000,Credit Cards,
Abdul Hanan Mahajan,34775,hrms34775@derbygroup.local,Sales,,,2026-04-06,,DXB,F2V2,afnan.fafoo@derbygroup.local,priyanka@derbygroup.local,,4000,Credit Cards,
Hanan Ahmad,34772,hrms34772@derbygroup.local,Sales,,,2026-04-06,,DXB,F2V3,afnan.fafoo@derbygroup.local,priyanka@derbygroup.local,,4000,Credit Cards,
Sandhya Thoniparambil Sakthidharan,34776,hrms34776@derbygroup.local,Sales,,,2026-04-13,,DXB,F2Z1,afnan.fafoo@derbygroup.local,priyanka@derbygroup.local,,4000,Personal Loans,
Resmi Muraleedharan Nair,35523,hrms35523@derbygroup.local,Sales,,,2026-05-22,,DXB,F4F2,sabu.sanoj.kocheekaran.veedu.joseph@derbygroup.local,priyanka@derbygroup.local,,4000,Credit Cards,
Aaditya Raina,22585,hrms22585@derbygroup.local,Sales,,,2025-06-18,,DXB,E5W8,sabu.sanoj.kocheekaran.veedu.joseph@derbygroup.local,priyanka@derbygroup.local,,4000,Credit Cards,
Sajid Ali Siddiquei,23760,hrms23760@derbygroup.local,Sales,,,2025-07-17,,DXB,E6M1,sabu.sanoj.kocheekaran.veedu.joseph@derbygroup.local,priyanka@derbygroup.local,,4000,Credit Cards,
Munna Kumar,28495,hrms28495@derbygroup.local,Sales,,,2025-09-02,,DXB,E7I9,sabu.sanoj.kocheekaran.veedu.joseph@derbygroup.local,priyanka@derbygroup.local,,5000,Credit Cards,
Aniket Sandeep Khandare,36135,hrms36135@derbygroup.local,Sales,,,2026-09-04,,DXB,F5I8,sabu.sanoj.kocheekaran.veedu.joseph@derbygroup.local,priyanka@derbygroup.local,,4000,Credit Cards,
Rajesh Nagathu Meethal,34849,hrms34849@derbygroup.local,Sales,,,2026-04-23,,DXB,F3M9,sabu.sanoj.kocheekaran.veedu.joseph@derbygroup.local,priyanka@derbygroup.local,,4000,Personal Loans,
Mohamed Sayed Zaky Gaballah,24324,hrms24324@derbygroup.local,Sales,,,2025-10-28,,DXB,E8X4,sabu.sanoj.kocheekaran.veedu.joseph@derbygroup.local,priyanka@derbygroup.local,,4000,Personal Loans,
Syed Numair Syed Sardar,2542,hrms2542@derbygroup.local,Sales,,,2024-09-09,,DXB,D7E7,beenamol@derbygroup.local,tanveer.shirgar@derbygroup.local,,4000,Credit Cards,
Kiran Kumar Mairala,6457,hrms6457@derbygroup.local,Sales,,,2023-01-31,,DXB,B9T3,beenamol@derbygroup.local,tanveer.shirgar@derbygroup.local,,5000,Credit Cards,
Khaleel Ahmed Sheik,4566,hrms4566@derbygroup.local,Sales,,,2024-01-03,,DXB,C8Q4,beenamol@derbygroup.local,tanveer.shirgar@derbygroup.local,,5000,Credit Cards,
Jackson Thundiyil Varghese,20874,hrms20874@derbygroup.local,Sales,,,2025-05-22,,DXB,E5I7,beenamol@derbygroup.local,tanveer.shirgar@derbygroup.local,,4000,Credit Cards,
Venkatesh Pallipat Shanmugam,23844,hrms23844@derbygroup.local,Sales,,,2025-07-22,,DXB,E6L6,beenamol@derbygroup.local,tanveer.shirgar@derbygroup.local,,4000,Credit Cards,
Salmankhan Shahulhameed,32893,hrms32893@derbygroup.local,Sales,,,2026-02-19,,DXB,F1W8,beenamol@derbygroup.local,tanveer.shirgar@derbygroup.local,,4000,Credit Cards,
Ramsiya Pokkakkillath Rasak,20862,hrms20862@derbygroup.local,Sales,,,2025-05-16,,DXB,E5E1,beenamol@derbygroup.local,tanveer.shirgar@derbygroup.local,,4500,Credit Cards,
Md Enam Khan,24495,hrms24495@derbygroup.local,Sales,,,2026-01-24,,DXB,F1I8,beenamol@derbygroup.local,tanveer.shirgar@derbygroup.local,,4000,Credit Cards,
Santhiah Mathiazhagan,32909,hrms32909@derbygroup.local,Sales,,,2026-02-23,,DXB,F1Z8,beenamol@derbygroup.local,tanveer.shirgar@derbygroup.local,,4500,Credit Cards,
Arpit Singh,41237,hrms41237@derbygroup.local,Sales,,,2026-09-04,,DXB,F5I9,beenamol@derbygroup.local,tanveer.shirgar@derbygroup.local,,4000,Credit Cards,
Janardhan Shanmugam,24299,hrms24299@derbygroup.local,Sales,,,2025-09-16,,DXB,E7Z5,karuppannan.gopalan@derbygroup.local,tanveer.shirgar@derbygroup.local,,4000,Credit Cards,
Mohammad Musa Tyagi,12629,hrms12629@derbygroup.local,Sales,,,2025-03-10,,DXB,E2X3,karuppannan.gopalan@derbygroup.local,tanveer.shirgar@derbygroup.local,,4000,Credit Cards,
Mehraj Ul Islam,32105,hrms32105@derbygroup.local,Sales,,,2025-02-21,,DXB,E2N6,karuppannan.gopalan@derbygroup.local,tanveer.shirgar@derbygroup.local,,5000,Credit Cards,
Adeel Ahmad,32194,hrms32194@derbygroup.local,Sales,,,2025-05-16,,DXB,E5E5,karuppannan.gopalan@derbygroup.local,tanveer.shirgar@derbygroup.local,,4500,Credit Cards,
Rabia Jabeen Khalid,24298,hrms24298@derbygroup.local,Sales,,,2025-10-24,,DXB,E8X5,karuppannan.gopalan@derbygroup.local,tanveer.shirgar@derbygroup.local,,5500,Credit Cards,
Md Shamim,24445,hrms24445@derbygroup.local,Sales,,,2025-10-24,,DXB,E8Z2,karuppannan.gopalan@derbygroup.local,tanveer.shirgar@derbygroup.local,,4000,Credit Cards,
Zubair Ahmed Mir,33818,hrms33818@derbygroup.local,Sales,,,2026-03-23,,DXB,F1X1,karuppannan.gopalan@derbygroup.local,tanveer.shirgar@derbygroup.local,,4000,Credit Cards,
Yasir Farooq Mir,19873,hrms19873@derbygroup.local,Sales,,,2025-10-28,,DXB,E8X8,karuppannan.gopalan@derbygroup.local,tanveer.shirgar@derbygroup.local,,4000,Credit Cards,
Meenakshi Singh,28656,hrms28656@derbygroup.local,Sales,,,2025-11-14,,DXB,E9G8,karuppannan.gopalan@derbygroup.local,tanveer.shirgar@derbygroup.local,,4000,Credit Cards,
Amalnath Chullipparambil Gopalan,39447,hrms39447@derbygroup.local,Sales,,,2026-09-07,,DXB,F5I5,karuppannan.gopalan@derbygroup.local,tanveer.shirgar@derbygroup.local,,4000,Credit Cards,
Ahmed Khaled Mohamed Ahmed Youssef,24456,hrms24456@derbygroup.local,Sales,,,2025-10-28,,DXB,E8Y2,tanveer.shirgar@derbygroup.local,tanveer.shirgar@derbygroup.local,,5000,Personal Loans,
Pranav Madhusoodhanan Sindhukumary,12704,hrms12704@derbygroup.local,Sales,,,2025-01-15,,DXB,E1S3,tanveer.shirgar@derbygroup.local,tanveer.shirgar@derbygroup.local,,5000,Personal Loans,
Abanob Fayez Fahmey Sedarous,24379,hrms24379@derbygroup.local,Sales,,,2026-01-26,,DXB,F1G9,tanveer.shirgar@derbygroup.local,tanveer.shirgar@derbygroup.local,,5000,Personal Loans,
Hanaa Elsayed Mohamed Ahmed,24253,hrms24253@derbygroup.local,Sales,,,2026-09-03,,DXB,F5J4,tanveer.shirgar@derbygroup.local,tanveer.shirgar@derbygroup.local,,4000,Personal Loans,
Rani Naief Shaia,20466,hrms20466@derbygroup.local,Sales,,,2025-10-28,,DXB,E8Y3,amal.kavattuparayil.krishnankutty@derbygroup.local,jayakrishnan@derbygroup.local,,4000,Credit Cards,
Geethanjali Balachandran,24321,hrms24321@derbygroup.local,Sales,,,2025-12-23,,DXB,E9V3,amal.kavattuparayil.krishnankutty@derbygroup.local,jayakrishnan@derbygroup.local,,4000,Credit Cards,
Lilly Dhinkaran,32209,hrms32209@derbygroup.local,Sales,,,2026-04-06,,DXB,F2Z4,amal.kavattuparayil.krishnankutty@derbygroup.local,jayakrishnan@derbygroup.local,,5000,Credit Cards,
Anuranj Vazhayil,34851,hrms34851@derbygroup.local,Sales,,,2026-05-19,,DXB,F4E9,amal.kavattuparayil.krishnankutty@derbygroup.local,jayakrishnan@derbygroup.local,,4000,Credit Cards,
Dileep Padinjarepurakkal Parthan,35366,hrms35366@derbygroup.local,Sales,,,2026-05-22,,DXB,F4H7,amal.kavattuparayil.krishnankutty@derbygroup.local,jayakrishnan@derbygroup.local,,4000,Credit Cards,
Faisal Khan,24335,hrms24335@derbygroup.local,Sales,,,2025-08-04,,DXB,E6U6,anum.zadi@derbygroup.local,jayakrishnan@derbygroup.local,,5000,Personal Loans,
Nikhat Mukhtar Panjwani,3635,hrms3635@derbygroup.local,Sales,,,2024-05-08,,DXB,D2N3,anum.zadi@derbygroup.local,jayakrishnan@derbygroup.local,,6000,Personal Loans,
Ali Imran,22302,hrms22302@derbygroup.local,Sales,,,2025-06-12,,DXB,E5T3,anum.zadi@derbygroup.local,jayakrishnan@derbygroup.local,,5000,Personal Loans,
Irfan Khan,32854,hrms32854@derbygroup.local,Sales,,,2025-12-23,,DXB,E9V9,anum.zadi@derbygroup.local,jayakrishnan@derbygroup.local,,4000,Personal Loans,
Naeem Ahmed,27381,hrms27381@derbygroup.local,Sales,,,2025-12-25,,DXB,E9U9,anum.zadi@derbygroup.local,jayakrishnan@derbygroup.local,,4000,Personal Loans,
Komal Imtiaz,26998,hrms26998@derbygroup.local,Sales,,,2026-03-31,,DXB,F2M9,anum.zadi@derbygroup.local,jayakrishnan@derbygroup.local,,4500,Personal Loans,
Aswin Nellooli Parambath,6413,hrms6413@derbygroup.local,Sales,,,2023-01-31,,DXB,B9R8,bejosh@derbygroup.local,jayakrishnan@derbygroup.local,,7500,Personal Loans,
Sharon Thomas,32165,hrms32165@derbygroup.local,Sales,,,2025-09-17,,DXB,E7V9,bejosh@derbygroup.local,jayakrishnan@derbygroup.local,,5500,Personal Loans,
Dipankar Dey,12586,hrms12586@derbygroup.local,Sales,,,2025-02-21,,DXB,E2N9,bejosh@derbygroup.local,jayakrishnan@derbygroup.local,,5500,Personal Loans,
Navaneeth Chenthamarakshan,33730,hrms33730@derbygroup.local,Sales,,,2026-03-24,,DXB,F2M8,bejosh@derbygroup.local,jayakrishnan@derbygroup.local,,4500,Personal Loans,
Jaison Antony,7338,hrms7338@derbygroup.local,Sales,,,2019-08-17,,DXB,A3J9,jayakrishnan@derbygroup.local,jayakrishnan@derbygroup.local,,7750,Personal Loans,
Abusinan Attuveppin Paramba,7302,hrms7302@derbygroup.local,Sales,,,2020-11-01,,DXB,A5K3,jayakrishnan@derbygroup.local,jayakrishnan@derbygroup.local,,9500,Personal Loans,
Rajesh Gopala Krishnan,7301,hrms7301@derbygroup.local,Sales,,,2020-11-01,,DXB,A5K2,jayakrishnan@derbygroup.local,jayakrishnan@derbygroup.local,,9500,Personal Loans,
Prakash Viswambharan,7284,hrms7284@derbygroup.local,Sales,,,2021-01-02,,DXB,A6B5,jayakrishnan@derbygroup.local,jayakrishnan@derbygroup.local,,6000,Personal Loans,
Leneesh Chemmanoor Vasu,7127,hrms7127@derbygroup.local,Sales,,,2022-04-04,,DXB,B2Z8,jayakrishnan@derbygroup.local,jayakrishnan@derbygroup.local,,6000,Personal Loans,
Xavier Manichalil Thankachan,7126,hrms7126@derbygroup.local,Sales,,,2022-03-22,,DXB,B2M7,jayakrishnan@derbygroup.local,jayakrishnan@derbygroup.local,,6750,Personal Loans,
Kiran Mappala,4707,hrms4707@derbygroup.local,Sales,,,2023-12-07,,DXB,C7Z4,hajirath.bilkees@derbygroup.local,jigar.bhavsar@derbygroup.local,,4000,Credit Cards,
Karthik Seetharaman,7217,hrms7217@derbygroup.local,Sales,,,2020-08-24,,DXB,A8N4,hajirath.bilkees@derbygroup.local,jigar.bhavsar@derbygroup.local,,5000,Credit Cards,
Nabeel Kiyani,35907,hrms35907@derbygroup.local,Sales,,,2026-05-22,,DXB,F4I4,hajirath.bilkees@derbygroup.local,jigar.bhavsar@derbygroup.local,,4000,Credit Cards,
Harendra Guruprasad Sharma,7334,hrms7334@derbygroup.local,Sales,,,2018-11-20,,DXB,A2A4,hajirath.bilkees@derbygroup.local,jigar.bhavsar@derbygroup.local,,6250,Personal Loans,
Praneetha Jyothi Mudiraj,24459,hrms24459@derbygroup.local,Sales,,,2026-03-26,,DXB,F2M1,hajirath.bilkees@derbygroup.local,jigar.bhavsar@derbygroup.local,,4000,Personal Loans,
Rahul Dilip Goikar,33987,hrms33987@derbygroup.local,Sales,,,2026-06-10,,DXB,F2M3,hajirath.bilkees@derbygroup.local,jigar.bhavsar@derbygroup.local,,5000,Personal Loans,
Abdullah,34193,hrms34193@derbygroup.local,Sales,,,2026-03-23,,DXB,F2M4,ignatius.pramod.fernandes@derbygroup.local,jigar.bhavsar@derbygroup.local,,4000,Credit Cards,
Afzal Amin,34129,hrms34129@derbygroup.local,Sales,,,2026-03-23,,DXB,F2M7,ignatius.pramod.fernandes@derbygroup.local,jigar.bhavsar@derbygroup.local,,4000,Credit Cards,
Natnael Gebreyesus Worku,34149,hrms34149@derbygroup.local,Sales,,,2026-03-31,,DXB,F2P1,ignatius.pramod.fernandes@derbygroup.local,jigar.bhavsar@derbygroup.local,,4000,Credit Cards,
Sharjeel Hassan,34169,hrms34169@derbygroup.local,Sales,,,2026-03-31,,DXB,F2N9,ignatius.pramod.fernandes@derbygroup.local,jigar.bhavsar@derbygroup.local,,4000,Credit Cards,
Mohd Aftab,34196,hrms34196@derbygroup.local,Sales,,,2026-03-31,,DXB,F2M5,ignatius.pramod.fernandes@derbygroup.local,jigar.bhavsar@derbygroup.local,,4000,Credit Cards,
Mehran,34376,hrms34376@derbygroup.local,Sales,,,2026-04-06,,DXB,F2U7,ignatius.pramod.fernandes@derbygroup.local,jigar.bhavsar@derbygroup.local,,4000,Credit Cards,
Faizan Yousaf,34152,hrms34152@derbygroup.local,Sales,,,2026-04-21,,DXB,F3G2,ignatius.pramod.fernandes@derbygroup.local,jigar.bhavsar@derbygroup.local,,5000,Credit Cards,
Rithik Thaikandy,34884,hrms34884@derbygroup.local,Sales,,,2026-04-22,,DXB,F2M6,ignatius.pramod.fernandes@derbygroup.local,jigar.bhavsar@derbygroup.local,,4000,Credit Cards,
Muhammad Faheem,34375,hrms34375@derbygroup.local,Sales,,,2026-05-04,,DXB,F3T9,ignatius.pramod.fernandes@derbygroup.local,jigar.bhavsar@derbygroup.local,,4500,Credit Cards,
Rahul Miteshbhai Chokshi,35391,hrms35391@derbygroup.local,Sales,,,2026-05-04,,DXB,F3U3,ignatius.pramod.fernandes@derbygroup.local,jigar.bhavsar@derbygroup.local,,4500,Credit Cards,
Muhammad Zubair,34190,hrms34190@derbygroup.local,Sales,,,2026-06-22,,DXB,F4M9,ignatius.pramod.fernandes@derbygroup.local,jigar.bhavsar@derbygroup.local,,5000,Credit Cards,
Priyank Divyesh Ruparelia,35217,hrms35217@derbygroup.local,Sales,,,2026-07-13,,DXB,F4N4,ignatius.pramod.fernandes@derbygroup.local,jigar.bhavsar@derbygroup.local,,4000,Credit Cards,
Md Faizan Qureshi,36069,hrms36069@derbygroup.local,Sales,,,2026-07-28,,DXB,F5C4,ignatius.pramod.fernandes@derbygroup.local,jigar.bhavsar@derbygroup.local,,4000,Credit Cards,
Jithin Kolarath Vengakandy,7339,hrms7339@derbygroup.local,Sales,,,2019-09-16,,DXB,A3K1,jigar.bhavsar@derbygroup.local,jigar.bhavsar@derbygroup.local,,10000,Personal Loans,
Arjuman Hamid,7350,hrms7350@derbygroup.local,Sales,,,2020-06-14,,DXB,A4K8,jigar.bhavsar@derbygroup.local,jigar.bhavsar@derbygroup.local,,8250,Personal Loans,
Anurag Vishwakarma,7340,hrms7340@derbygroup.local,Sales,,,2020-08-21,,DXB,A5C2,jigar.bhavsar@derbygroup.local,jigar.bhavsar@derbygroup.local,,10000,Personal Loans,
Sanjeev Kumar Suseela Chandrashekhara,6843,hrms6843@derbygroup.local,Sales,,,2022-07-04,,DXB,B6X9,jigar.bhavsar@derbygroup.local,jigar.bhavsar@derbygroup.local,,7750,Personal Loans,
Asad Hussain,5784,hrms5784@derbygroup.local,Sales,,,2023-07-18,,DXB,C4X5,jigar.bhavsar@derbygroup.local,jigar.bhavsar@derbygroup.local,,8000,Personal Loans,
Cheryl Monteza,2308,hrms2308@derbygroup.local,Sales,,,2025-07-17,,DXB,E6K3,basil.mushthaq@derbygroup.local,shaharyab.khan@derbygroup.local,,4000,Credit Cards,
Athul Puthanpurakkal Krishna Das,5005,hrms5005@derbygroup.local,Sales,,,2024-10-25,,DXB,D8J2,basil.mushthaq@derbygroup.local,shaharyab.khan@derbygroup.local,,4000,Credit Cards,
Puneet Singh,12685,hrms12685@derbygroup.local,Sales,,,2025-04-04,,DXB,E3S1,basil.mushthaq@derbygroup.local,shaharyab.khan@derbygroup.local,,4500,Credit Cards,
Mehak Luqman,5363,hrms5363@derbygroup.local,Sales,,,2024-10-24,,DXB,D8A1,basil.mushthaq@derbygroup.local,shaharyab.khan@derbygroup.local,,5000,Credit Cards,
George Cherian,26208,hrms26208@derbygroup.local,Sales,,,2025-02-21,,DXB,E2P2,basil.mushthaq@derbygroup.local,shaharyab.khan@derbygroup.local,,4000,Credit Cards,
Ishfaq Ahmad Mir,34453,hrms34453@derbygroup.local,Sales,,,2026-05-04,,DXB,F3X1,basil.mushthaq@derbygroup.local,shaharyab.khan@derbygroup.local,,4000,Credit Cards,
Chithira Viju,35691,hrms35691@derbygroup.local,Sales,,,2026-05-07,,DXB,F3W9,basil.mushthaq@derbygroup.local,shaharyab.khan@derbygroup.local,,4000,Credit Cards,
Rabi Kumar Kamti,35390,hrms35390@derbygroup.local,Sales,,,2026-07-07,,DXB,F4Q7,basil.mushthaq@derbygroup.local,shaharyab.khan@derbygroup.local,,4000,Credit Cards,
Surya Ezhumalai,35604,hrms35604@derbygroup.local,Sales,,,2026-05-18,,DXB,F3U2,shaharyab.khan@derbygroup.local,shaharyab.khan@derbygroup.local,,4000,Credit Cards,
Rajbinder Singh,12635,hrms12635@derbygroup.local,Sales,,,2025-02-21,,DXB,E2N7,shaharyab.khan@derbygroup.local,shaharyab.khan@derbygroup.local,,4000,Credit Cards,
Srushti Hareshwar Tamore,6220,hrms6220@derbygroup.local,Sales,,,2025-07-15,,DXB,E6K2,shaharyab.khan@derbygroup.local,shaharyab.khan@derbygroup.local,,4000,Credit Cards,
Abhishek Arvind Chavan,6912,hrms6912@derbygroup.local,Sales,,,2024-10-25,,DXB,D8J5,shaharyab.khan@derbygroup.local,shaharyab.khan@derbygroup.local,,4000,Credit Cards,
Navas Vattaparambil Abdul Rehman,19809,hrms19809@derbygroup.local,Sales,,,2025-03-28,,DXB,E3L5,shaharyab.khan@derbygroup.local,shaharyab.khan@derbygroup.local,,4000,Credit Cards,
Abdul Wali,33052,hrms33052@derbygroup.local,Sales,,,2026-02-27,,DXB,F2E2,shaharyab.khan@derbygroup.local,shaharyab.khan@derbygroup.local,,7000,Credit Cards,
Huzaifa Qamar,5896,hrms5896@derbygroup.local,Sales,,,2025-07-28,,DXB,E6T3,rekha.rani.khanna@derbygroup.local,varun.gupta@derbygroup.local,,5000,Credit Cards,
Ashwini Borde,35960,hrms35960@derbygroup.local,Sales,,,2026-05-22,,DXB,F4I1,rekha.rani.khanna@derbygroup.local,varun.gupta@derbygroup.local,,6000,Personal Loans,
Shilpa Kattoor Veedu,6633,hrms6633@derbygroup.local,Sales,,,2024-10-28,,DXB,D7Z2,rekha.rani.khanna@derbygroup.local,varun.gupta@derbygroup.local,,4500,Personal Loans,
Ataullah Siddiqui,23843,hrms23843@derbygroup.local,Sales,,,2025-07-22,,DXB,E6N9,rekha.rani.khanna@derbygroup.local,varun.gupta@derbygroup.local,,4000,Personal Loans,
Prasannaraj Punchayil Kovvalkkandi,6329,hrms6329@derbygroup.local,Sales,,,2024-11-11,,DXB,D7Y9,rekha.rani.khanna@derbygroup.local,varun.gupta@derbygroup.local,,5500,Personal Loans,
Sreelakshmi Velukara Shanmughan,36061,hrms36061@derbygroup.local,Sales,,,2026-06-26,2026-06-26,DXB,F4Q2,rekha.rani.khanna@derbygroup.local,varun.gupta@derbygroup.local,,4000,Personal Loans,
Pradumn Yadav,10395,hrms10395@derbygroup.local,Sales,,,2026-09-04,,DXB,F5K7,rekha.rani.khanna@derbygroup.local,varun.gupta@derbygroup.local,,4000,Personal Loans,
Veena Kumari,35731,hrms35731@derbygroup.local,Sales,,,2026-05-22,,DXB,F4G5,shailendra@derbygroup.local,varun.gupta@derbygroup.local,,6000,Credit Cards,
Sumit,4966,hrms4966@derbygroup.local,Sales,,,2025-11-14,,DXB,E9J2,shailendra@derbygroup.local,varun.gupta@derbygroup.local,,5000,Personal Loans,
Shanaka Nimantha Ranasinghe Widana Arachchige,5038,hrms5038@derbygroup.local,Sales,,,2025-12-29,,DXB,E9W1,shailendra@derbygroup.local,varun.gupta@derbygroup.local,,4000,Personal Loans,
Neha,35666,hrms35666@derbygroup.local,Sales,,,2026-05-19,,DXB,F4F1,shailendra@derbygroup.local,varun.gupta@derbygroup.local,,4750,Personal Loans,
Shivangi Dubey,3829,hrms3829@derbygroup.local,Sales,,,2024-08-02,,DXB,D6B2,shailendra@derbygroup.local,varun.gupta@derbygroup.local,,5000,Personal Loans,
Mohamed Wasim Mohd Jafar Shaikh,32354,hrms32354@derbygroup.local,Sales,,,2025-09-30,,DXB,E8J4,shailendra@derbygroup.local,varun.gupta@derbygroup.local,,5000,Personal Loans,
Aman Khan,34852,hrms34852@derbygroup.local,Sales,,,2026-05-04,,DXB,F3Y1,shailendra@derbygroup.local,varun.gupta@derbygroup.local,,4500,Personal Loans,
Fernandas Sathiyan,6471,hrms6471@derbygroup.local,Sales,,,2024-11-22,,DXB,D9A8,shailendra@derbygroup.local,varun.gupta@derbygroup.local,,6500,Personal Loans,
Mary Grace Alcazar,37579,hrms37579@derbygroup.local,Sales,,,2026-09-03,,DXB,F5J8,shailendra@derbygroup.local,varun.gupta@derbygroup.local,,4000,Personal Loans,
Thankachan Roy Mathew,6904,hrms6904@derbygroup.local,Sales,,,2022-08-25,,DXB,B6D7,raji.john@derbygroup.local,,,6000,Auto Loans,
Rubab Mahmood,6632,hrms6632@derbygroup.local,Sales,,,2022-10-13,,DXB,B7T3,raji.john@derbygroup.local,,,6000,Auto Loans,
Muhammad Kashif,6630,hrms6630@derbygroup.local,Sales,,,2022-10-13,,DXB,B7T4,raji.john@derbygroup.local,,,6500,Auto Loans,
Murali Krishna Valiyapurakkal Sudhakaran,6262,hrms6262@derbygroup.local,Sales,,,2023-02-06,,DXB,B9V6,raji.john@derbygroup.local,,,4000,Auto Loans,
Naveen Mannathuzhathil Suresh,4220,hrms4220@derbygroup.local,Sales,,,2024-02-19,,DXB,C9T6,raji.john@derbygroup.local,,,4000,Auto Loans,
Ali Haider,3255,hrms3255@derbygroup.local,Sales,,,2024-07-04,,DXB,D3A1,raji.john@derbygroup.local,,,4500,Auto Loans,
Lucas Dominic D'Mello,12702,hrms12702@derbygroup.local,Sales,,,2025-03-04,,DXB,E2Z4,raji.john@derbygroup.local,,,4500,Auto Loans,
Roshana Bastakoti,23757,hrms23757@derbygroup.local,Sales,,,2025-07-18,,DXB,E5Z1,raji.john@derbygroup.local,,,4000,Auto Loans,
Hanna Ani Johnson,33740,hrms33740@derbygroup.local,Sales,,,2026-04-06,,DXB,F2V4,raji.john@derbygroup.local,,,4000,Auto Loans,
Mahesh Padmanabhan Nair Anilakumari,33815,hrms33815@derbygroup.local,Sales,,,2026-04-23,,DXB,F3M8,raji.john@derbygroup.local,,,4000,Auto Loans,
Titus Saji,33653,hrms33653@derbygroup.local,Sales,,,2026-05-22,,DXB,F4H8,raji.john@derbygroup.local,,,4000,Auto Loans,
Basharat Ali,35417,hrms35417@derbygroup.local,Sales,,,2026-07-28,,DXB,F5C5,raji.john@derbygroup.local,,,4000,Auto Loans,
Linta Jerome,3825,hrms3825@derbygroup.local,Sales,,,2024-04-30,,AUH,D1Z7,john.pearl@derbygroup.local,praphuldas@derbygroup.local,,5000,Personal Loans,
Alvishal Abubaker,3379,hrms3379@derbygroup.local,Sales,,,2024-06-24,,AUH,D4N3,john.pearl@derbygroup.local,praphuldas@derbygroup.local,,5000,Personal Loans,
Yethu Krishnan,3229,hrms3229@derbygroup.local,Sales,,,2024-07-10,,AUH,D5E8,john.pearl@derbygroup.local,praphuldas@derbygroup.local,,5250,Personal Loans,
Sinod Mepperi,2291,hrms2291@derbygroup.local,Sales,,,2024-10-07,,AUH,D7R6,john.pearl@derbygroup.local,praphuldas@derbygroup.local,,6000,Personal Loans,
Vaisakh Athaparambil Sajeevan,10008,hrms10008@derbygroup.local,Sales,,,2025-02-03,,AUH,E2B1,john.pearl@derbygroup.local,praphuldas@derbygroup.local,,4000,Personal Loans,
Siljo Philip,9632,hrms9632@derbygroup.local,Sales,,,2025-04-03,,AUH,E3U4,john.pearl@derbygroup.local,praphuldas@derbygroup.local,,6000,Personal Loans,
Divya Cheriyilkarottu Suresh,23929,hrms23929@derbygroup.local,Sales,,,2025-08-08,,AUH,E7A4,john.pearl@derbygroup.local,praphuldas@derbygroup.local,,4000,Personal Loans,
Akhil Karukamppilly Sivan,32598,hrms32598@derbygroup.local,Sales,,,2025-12-26,,AUH,E9Z4,john.pearl@derbygroup.local,praphuldas@derbygroup.local,,4000,Personal Loans,
Asif Kanjirathingal Basheer,23888,hrms23888@derbygroup.local,Sales,,,2026-04-07,,AUH,F3H2,john.pearl@derbygroup.local,praphuldas@derbygroup.local,,5500,Personal Loans,
Antony Dasan,41435,hrms41435@derbygroup.local,Sales,,,2026-08-18,,AUH,F5H6,john.pearl@derbygroup.local,praphuldas@derbygroup.local,,4000,Personal Loans,
Abdalla Mohamed Abdalla Belal,10745,hrms10745@derbygroup.local,Sales,,,2025-04-24,,AUH,E4M2,khaled.eslam@derbygroup.local,praphuldas@derbygroup.local,,6500,Personal Loans,
Ebram Emad Eisa Fawzi,3455,hrms3455@derbygroup.local,Sales,,,2025-08-05,,AUH,E6Z7,khaled.eslam@derbygroup.local,praphuldas@derbygroup.local,,5500,Personal Loans,
Mohammed Mahmoud Elserwi,3261,hrms3261@derbygroup.local,Sales,,,2025-07-21,,AUH,E8E5,khaled.eslam@derbygroup.local,praphuldas@derbygroup.local,,5000,Personal Loans,
Reema Waleed Hamed,27074,hrms27074@derbygroup.local,Sales,,,2025-11-11,,AUH,E9E2,khaled.eslam@derbygroup.local,praphuldas@derbygroup.local,,5000,Personal Loans,
Abdelhady Elsayed Abdelhady,34762,hrms34762@derbygroup.local,Sales,,,2026-05-06,,AUH,F3Z9,khaled.eslam@derbygroup.local,praphuldas@derbygroup.local,,4000,Personal Loans,
Thomson Vasuden,32425,hrms32425@derbygroup.local,Sales,,,2025-10-09,,AUH,E8P3,mrudula.thirunilathil@derbygroup.local,praphuldas@derbygroup.local,,4000,Personal Loans,
Sandeep Padinjareveetil Narayanankutty,5028,hrms5028@derbygroup.local,Sales,,,2023-10-20,,AUH,C6U1,mrudula.thirunilathil@derbygroup.local,praphuldas@derbygroup.local,,4000,Personal Loans,
Gokul Chanayil,3823,hrms3823@derbygroup.local,Sales,,,2024-05-01,,AUH,D2J6,mrudula.thirunilathil@derbygroup.local,praphuldas@derbygroup.local,,5000,Personal Loans,
Amal Jacob,22105,hrms22105@derbygroup.local,Sales,,,2025-10-09,,AUH,E8P7,mrudula.thirunilathil@derbygroup.local,praphuldas@derbygroup.local,,4000,Personal Loans,
Abhijith Shaji,33665,hrms33665@derbygroup.local,Sales,,,2026-01-04,,AUH,F1S9,mrudula.thirunilathil@derbygroup.local,praphuldas@derbygroup.local,,4000,Personal Loans,
Anjitha Raj Jaya Sugatha Rajan,35412,hrms35412@derbygroup.local,Sales,,,2026-05-06,,AUH,F4B8,mrudula.thirunilathil@derbygroup.local,praphuldas@derbygroup.local,,4000,Personal Loans,
Tom Jose,35411,hrms35411@derbygroup.local,Sales,,,2026-07-08,,AUH,F4V9,mrudula.thirunilathil@derbygroup.local,praphuldas@derbygroup.local,,4000,Personal Loans,
Pratheesh Koottumakkal Prajakaran,35410,hrms35410@derbygroup.local,Sales,,,2026-07-08,,AUH,F4W1,mrudula.thirunilathil@derbygroup.local,praphuldas@derbygroup.local,,4000,Personal Loans,
Zeeshan Naveed,32113,hrms32113@derbygroup.local,Sales,,,2025-09-23,,AUH,E8E7,muhammad.shariq.khan@derbygroup.local,praphuldas@derbygroup.local,,4000,Auto Loans,
Ahmed Abdelgawad Saad Hassan,22138,hrms22138@derbygroup.local,Sales,,,2025-06-12,,AUH,E5Q4,muhammad.shariq.khan@derbygroup.local,praphuldas@derbygroup.local,,4000,Auto Loans,
Danish Khan,26721,hrms26721@derbygroup.local,Sales,,,2025-08-31,,AUH,E7K1,muhammad.shariq.khan@derbygroup.local,praphuldas@derbygroup.local,,6000,Auto Loans,
Amir Arshad,4127,hrms4127@derbygroup.local,Sales,,,2025-10-09,,AUH,E8D7,muhammad.shariq.khan@derbygroup.local,praphuldas@derbygroup.local,,4000,Auto Loans,
Muhammad Faisal Zaman,7308,hrms7308@derbygroup.local,Sales,,,2024-07-24,,AUH,B8Z5,muhammad.shariq.khan@derbygroup.local,praphuldas@derbygroup.local,,7000,Auto Loans,
Usman Ali Durrani,4695,hrms4695@derbygroup.local,Sales,,,2023-12-07,,AUH,C7Z6,muhammad.shariq.khan@derbygroup.local,praphuldas@derbygroup.local,,4000,Auto Loans,
Athar Abbas,6710,hrms6710@derbygroup.local,Sales,,,2026-05-06,,AUH,F4B7,muhammad.shariq.khan@derbygroup.local,praphuldas@derbygroup.local,,5000,Auto Loans,
Marites Sotalbo Duero,7270,hrms7270@derbygroup.local,Sales,,,2021-03-14,,AUH,A7K2,muhammad.shariq.khan@derbygroup.local,praphuldas@derbygroup.local,,4500,Auto Loans,
Nisha Musharraf,36101,hrms36101@derbygroup.local,Sales,,,2026-08-18,,AUH,F5H2,muhammad.shariq.khan@derbygroup.local,praphuldas@derbygroup.local,,5000,Auto Loans,
Sreejesh Sreenivasan,32685,hrms32685@derbygroup.local,Sales,,,2026-03-04,,AUH,F2H8,praphuldas@derbygroup.local,praphuldas@derbygroup.local,,4000,Credit Cards,
Shebin Varghese Yohannan,33838,hrms33838@derbygroup.local,Sales,,,2026-04-06,,AUH,F3G9,praphuldas@derbygroup.local,praphuldas@derbygroup.local,,4000,Credit Cards,
Chamanthi Ranuka Wickrama Pathirana,3547,hrms3547@derbygroup.local,Sales,,,2024-05-27,,AUH,D3U9,praphuldas@derbygroup.local,praphuldas@derbygroup.local,,5000,Personal Loans,
Bowmitha Rani,4060,hrms4060@derbygroup.local,Sales,,,2024-03-26,,AUH,D1I3,praphuldas@derbygroup.local,praphuldas@derbygroup.local,,6000,Personal Loans,
Arunkumar Sukumaran,7297,hrms7297@derbygroup.local,Sales,,,2020-10-01,,AUH,A5X9,praphuldas@derbygroup.local,praphuldas@derbygroup.local,,8000,Personal Loans,
Rawda Siddig Ahmed Musa,20762,hrms20762@derbygroup.local,Sales,,,2025-04-30,,AUH,E4T1,abdul.kader@derbygroup.local,abdul.kader@derbygroup.local,,5000,Personal Loans,
Hossam Mohamed Abdelbaky Ismail Teaima,32085,hrms32085@derbygroup.local,Sales,,,2025-12-26,,AUH,E9Y6,abdul.kader@derbygroup.local,abdul.kader@derbygroup.local,,4000,Personal Loans,
Shadi Mamdouh Bahieldin Ahmed Khashaba,1785,hrms1785@derbygroup.local,Sales,,,2024-12-04,,AUH,D9H9,abdul.kader@derbygroup.local,abdul.kader@derbygroup.local,,4000,Personal Loans,
Mohamed Hossny Bendary Abdelmoeen,32861,hrms32861@derbygroup.local,Sales,,,2026-05-04,,AUH,F3Z2,abdul.kader@derbygroup.local,abdul.kader@derbygroup.local,,4500,Personal Loans,
Ahmed Elsaid Mohamed Hussein Elfar,28710,hrms28710@derbygroup.local,Sales,,,2026-07-08,,AUH,F4Y2,abdul.kader@derbygroup.local,abdul.kader@derbygroup.local,,4000,Personal Loans,
Ammar Khaled Moukhtar Ali Mubarak,32054,hrms32054@derbygroup.local,Sales,,,2025-09-22,,AUH,E8D3,mahmoud.abdelshafy@derbygroup.local,abdul.kader@derbygroup.local,,4000,Personal Loans,
Shimaa Essam Mohamed Abdelrahem,32111,hrms32111@derbygroup.local,Sales,,,2025-09-23,,AUH,E8C8,mahmoud.abdelshafy@derbygroup.local,abdul.kader@derbygroup.local,,5000,Personal Loans,
Sinden Acerden Dalmero,6680,hrms6680@derbygroup.local,Sales,,,2022-11-03,,AUH,B8A8,anoop.kumar.ramachandran@derbygroup.local,praveen.pv@derbygroup.local,,6000,Personal Loans,
Manoj Kumar Sasidharan Nair,5320,hrms5320@derbygroup.local,Sales,,,2023-09-19,,AUH,C6H7,anoop.kumar.ramachandran@derbygroup.local,praveen.pv@derbygroup.local,,5500,Personal Loans,
Nikhat Nasir Gadkari,3189,hrms3189@derbygroup.local,Sales,,,2024-07-11,,AUH,D5E4,anoop.kumar.ramachandran@derbygroup.local,praveen.pv@derbygroup.local,,4000,Personal Loans,
Khalifa Mohamed Khalifa Mahdy,23932,hrms23932@derbygroup.local,Sales,,,2025-07-21,,AUH,E7M3,anoop.kumar.ramachandran@derbygroup.local,praveen.pv@derbygroup.local,,5000,Personal Loans,
Love Kumar Yadav,32047,hrms32047@derbygroup.local,Sales,,,2025-09-22,,AUH,E8D4,anoop.kumar.ramachandran@derbygroup.local,praveen.pv@derbygroup.local,,6500,Personal Loans,
Mohamed Fazil,34244,hrms34244@derbygroup.local,Sales,,,2026-04-06,,AUH,F3I7,jamshed.javed@derbygroup.local,praveen.pv@derbygroup.local,,4000,Credit Cards,
Venkata Lakshmi Narayana Readdy Sathi,33715,hrms33715@derbygroup.local,Sales,,,2026-04-10,,AUH,F3J3,jamshed.javed@derbygroup.local,praveen.pv@derbygroup.local,,4000,Credit Cards,
Faisal Ashraf Noorani,35022,hrms35022@derbygroup.local,Sales,,,2026-05-06,,AUH,F3Z4,jamshed.javed@derbygroup.local,praveen.pv@derbygroup.local,,4000,Credit Cards,
Beshouy Moamen Saad Shaker,32612,hrms32612@derbygroup.local,Sales,,,2025-12-26,,AUH,E9Z9,jamshed.javed@derbygroup.local,praveen.pv@derbygroup.local,,4000,Personal Loans,
Heba Khaled Abdellah Mohamed Ali,32430,hrms32430@derbygroup.local,Sales,,,2026-02-09,,AUH,F1P5,jamshed.javed@derbygroup.local,praveen.pv@derbygroup.local,,4000,Personal Loans,
Vijayaraj Kaliyamoorthy,6468,hrms6468@derbygroup.local,Sales,,,2022-11-17,,AUH,B8M6,jamshed.javed@derbygroup.local,praveen.pv@derbygroup.local,,7000,Personal Loans,
Sohail Sajjad,6463,hrms6463@derbygroup.local,Sales,,,2023-01-13,,AUH,B8Z8,jamshed.javed@derbygroup.local,praveen.pv@derbygroup.local,,5000,Personal Loans,
Bilal Masih,6398,hrms6398@derbygroup.local,Sales,,,2025-08-08,,AUH,E6Z3,jamshed.javed@derbygroup.local,praveen.pv@derbygroup.local,,5000,Personal Loans,
Pratima Rai,32422,hrms32422@derbygroup.local,Sales,,,2025-10-09,,AUH,E8P8,jamshed.javed@derbygroup.local,praveen.pv@derbygroup.local,,6500,Personal Loans,
Kushal Rathor,32426,hrms32426@derbygroup.local,Sales,,,2025-10-09,,AUH,E8P2,jamshed.javed@derbygroup.local,praveen.pv@derbygroup.local,,4000,Personal Loans,
Mohamed Hassan Fathy Mohamed,33013,hrms33013@derbygroup.local,Sales,,,2025-11-07,,AUH,E9D5,jibin.rajan@derbygroup.local,praveen.pv@derbygroup.local,,4000,Personal Loans,
Karthick,32863,hrms32863@derbygroup.local,Sales,,,2026-02-07,,AUH,F1R6,jibin.rajan@derbygroup.local,praveen.pv@derbygroup.local,,4500,Personal Loans,
Umair Javid,10747,hrms10747@derbygroup.local,Sales,,,2025-04-25,,AUH,E4J4,jibin.rajan@derbygroup.local,praveen.pv@derbygroup.local,,4500,Personal Loans,
Eman Ansary Gapir Abdalhlym,23890,hrms23890@derbygroup.local,Sales,,,2025-08-22,,AUH,E7L7,jibin.rajan@derbygroup.local,praveen.pv@derbygroup.local,,4000,Personal Loans,
Doaa Mohamed Fathy Sayed Ahamed,23922,hrms23922@derbygroup.local,Sales,,,2025-08-20,,AUH,E6X8,jibin.rajan@derbygroup.local,praveen.pv@derbygroup.local,,4000,Personal Loans,
Alex Devasia,4086,hrms4086@derbygroup.local,Sales,,,2024-03-13,,AUH,D1I5,jibin.rajan@derbygroup.local,praveen.pv@derbygroup.local,,5500,Personal Loans,
Ma Chadie Sanchie Espinola Enguerra,6649,hrms6649@derbygroup.local,Sales,,,2022-10-13,,AUH,B7T6,jibin.rajan@derbygroup.local,praveen.pv@derbygroup.local,,5500,Personal Loans,
Ravinder Kaur,35926,hrms35926@derbygroup.local,Sales,,,2026-07-08,,AUH,F4V8,jibin.rajan@derbygroup.local,praveen.pv@derbygroup.local,,4000,Personal Loans,
Dixon Panikkassery Paul,26970,hrms26970@derbygroup.local,Sales,,,2025-11-11,,AUH,E9D4,laijomon.joseph@derbygroup.local,praveen.pv@derbygroup.local,,4000,Credit Cards,
Rajaboopathi Vengadachalam,24617,hrms24617@derbygroup.local,Sales,,,2025-12-26,,AUH,E9Y8,laijomon.joseph@derbygroup.local,praveen.pv@derbygroup.local,,4000,Credit Cards,
Pradeepa Rathinam,24538,hrms24538@derbygroup.local,Sales,,,2025-12-26,,AUH,E9Y9,laijomon.joseph@derbygroup.local,praveen.pv@derbygroup.local,,4000,Credit Cards,
Deepa Sellathurai,24539,hrms24539@derbygroup.local,Sales,,,2025-12-26,,AUH,E9Z1,laijomon.joseph@derbygroup.local,praveen.pv@derbygroup.local,,4000,Credit Cards,
Swarag Kottiyal Kappadan,23523,hrms23523@derbygroup.local,Sales,,,2025-07-07,,AUH,E6G4,laijomon.joseph@derbygroup.local,praveen.pv@derbygroup.local,,4000,Credit Cards,
Nagarajan Boominathan,23520,hrms23520@derbygroup.local,Sales,,,2025-07-09,,AUH,E6G2,laijomon.joseph@derbygroup.local,praveen.pv@derbygroup.local,,4000,Credit Cards,
Abi Philip,4065,hrms4065@derbygroup.local,Sales,,,2024-04-03,,AUH,D1H4,laijomon.joseph@derbygroup.local,praveen.pv@derbygroup.local,,4000,Credit Cards,
Praveen Sandiran,4062,hrms4062@derbygroup.local,Sales,,,2024-03-21,,AUH,D1H8,laijomon.joseph@derbygroup.local,praveen.pv@derbygroup.local,,4000,Credit Cards,
Manesh Madanan,3821,hrms3821@derbygroup.local,Sales,,,2024-04-22,,AUH,D2I4,laijomon.joseph@derbygroup.local,praveen.pv@derbygroup.local,,4000,Credit Cards,
Sharon Thachoor,34416,hrms34416@derbygroup.local,Sales,,,2026-05-21,,AUH,F4A1,laijomon.joseph@derbygroup.local,praveen.pv@derbygroup.local,,4000,Credit Cards,
Jithinlal Mekadan Radhakrishnan,22460,hrms22460@derbygroup.local,Sales,,,2025-12-26,,AUH,E9Z2,manu.mathew@derbygroup.local,praveen.pv@derbygroup.local,,4500,Credit Cards,
Soneel Amanat,26976,hrms26976@derbygroup.local,Sales,,,2026-01-04,,AUH,F1S5,manu.mathew@derbygroup.local,praveen.pv@derbygroup.local,,5000,Credit Cards,
Harisyamprasad,3818,hrms3818@derbygroup.local,Sales,,,2024-04-30,,AUH,D2I7,manu.mathew@derbygroup.local,praveen.pv@derbygroup.local,,5000,Credit Cards,
Nimisha Muraleedharan,10012,hrms10012@derbygroup.local,Sales,,,2025-03-03,,AUH,E2S5,manu.mathew@derbygroup.local,praveen.pv@derbygroup.local,,4000,Credit Cards,
Jibin Varghese,9630,hrms9630@derbygroup.local,Sales,,,2025-04-03,,AUH,E3S8,manu.mathew@derbygroup.local,praveen.pv@derbygroup.local,,4000,Credit Cards,
Vishnu Karanath Anilkumar,26092,hrms26092@derbygroup.local,Sales,,,2025-09-12,,AUH,E7J9,manu.mathew@derbygroup.local,praveen.pv@derbygroup.local,,4000,Credit Cards,
Azaharuddin,6919,hrms6919@derbygroup.local,Sales,,,2022-03-29,,AUH,B5X6,manu.mathew@derbygroup.local,praveen.pv@derbygroup.local,,4500,Credit Cards,
Santhoshkumar Singaravelu,32990,hrms32990@derbygroup.local,Sales,,,2026-03-04,,AUH,F2F2,manu.mathew@derbygroup.local,praveen.pv@derbygroup.local,,4000,Credit Cards,
Samuel Adel Samir Shehata,33550,hrms33550@derbygroup.local,Sales,,,2025-12-29,,AUH,E9Z8,manu.mathew@derbygroup.local,praveen.pv@derbygroup.local,,4000,Credit Cards,
Sonu Thomas,32989,hrms32989@derbygroup.local,Sales,,,2026-04-06,,AUH,F3G3,manu.mathew@derbygroup.local,praveen.pv@derbygroup.local,,4000,Credit Cards,
Islam Mohamed,1786,hrms1786@derbygroup.local,Sales,,,2024-12-04,,AUH,D9H2,manu.mathew@derbygroup.local,praveen.pv@derbygroup.local,,4500,Personal Loans,
Amro Yassein Mohamed Abdalla Elbatawy,33778,hrms33778@derbygroup.local,Sales,,,2026-04-06,,AUH,F3I6,manu.mathew@derbygroup.local,praveen.pv@derbygroup.local,,4000,Personal Loans,
Hamid Siddiqui,7121,hrms7121@derbygroup.local,Sales,,,2022-05-12,,AUH,B3T4,mirza.sajid.beig@derbygroup.local,praveen.pv@derbygroup.local,,5000,Personal Loans,
Mohammed Saleem Ansari,1779,hrms1779@derbygroup.local,Sales,,,2024-12-04,,AUH,D9H7,mirza.sajid.beig@derbygroup.local,praveen.pv@derbygroup.local,,6500,Personal Loans,
Ali Ahmad Jafri,23936,hrms23936@derbygroup.local,Sales,,,2025-08-21,,AUH,E7M4,mirza.sajid.beig@derbygroup.local,praveen.pv@derbygroup.local,,5000,Personal Loans,
Birendra Kumar,35497,hrms35497@derbygroup.local,Sales,,,2026-07-08,,AUH,F4X7,mirza.sajid.beig@derbygroup.local,praveen.pv@derbygroup.local,,4000,Personal Loans,
Mohamed Sorour Farghaly Sorour,26968,hrms26968@derbygroup.local,Sales,,,2025-11-07,,AUH,E9D8,mostafa.yahia@derbygroup.local,praveen.pv@derbygroup.local,,5000,Personal Loans,
Baraa Gamal Abdelaziz Desouky,2761,hrms2761@derbygroup.local,Sales,,,2024-08-26,,AUH,D6J3,mostafa.yahia@derbygroup.local,praveen.pv@derbygroup.local,,5000,Personal Loans,
Mina Hany,1965,hrms1965@derbygroup.local,Sales,,,2024-11-13,,AUH,D8Q4,mostafa.yahia@derbygroup.local,praveen.pv@derbygroup.local,,4000,Personal Loans,
Mina Botros,1788,hrms1788@derbygroup.local,Sales,,,2024-12-04,,AUH,D9H3,mostafa.yahia@derbygroup.local,praveen.pv@derbygroup.local,,5000,Personal Loans,
Waed Mowafek Salloum,4548,hrms4548@derbygroup.local,Sales,,,2024-09-05,,AUH,D7F8,mostafa.yahia@derbygroup.local,praveen.pv@derbygroup.local,,4500,Personal Loans,
Samy Issa,33773,hrms33773@derbygroup.local,Sales,,,2025-12-12,,AUH,E9M3,mostafa.yahia@derbygroup.local,praveen.pv@derbygroup.local,,4000,Personal Loans,
Mohhamad Sakir Ali Mohammad Harun,33058,hrms33058@derbygroup.local,Sales,,,2026-02-07,,AUH,F1Q2,muhammad.fakhar.e.alam.khan@derbygroup.local,praveen.pv@derbygroup.local,,4000,Credit Cards,
Shahzaib Khan,33799,hrms33799@derbygroup.local,Sales,,,2026-02-07,,AUH,F1S8,muhammad.fakhar.e.alam.khan@derbygroup.local,praveen.pv@derbygroup.local,,4000,Credit Cards,
Rahith Rajagopal Suseela,33059,hrms33059@derbygroup.local,Sales,,,2026-02-09,,AUH,F1R2,muhammad.fakhar.e.alam.khan@derbygroup.local,praveen.pv@derbygroup.local,,4000,Credit Cards,
Ahmed Mehmood Warraich,11532,hrms11532@derbygroup.local,Sales,,,2025-04-30,,AUH,E4S3,muhammad.fakhar.e.alam.khan@derbygroup.local,praveen.pv@derbygroup.local,,4000,Credit Cards,
Md Ali Ameer Hasan,33057,hrms33057@derbygroup.local,Sales,,,2026-03-09,,AUH,F2H7,muhammad.fakhar.e.alam.khan@derbygroup.local,praveen.pv@derbygroup.local,,4000,Credit Cards,
Aniruddha Bhatiya,34243,hrms34243@derbygroup.local,Sales,,,2026-07-08,,AUH,F4Y1,muhammad.fakhar.e.alam.khan@derbygroup.local,praveen.pv@derbygroup.local,,4000,Credit Cards,
Chandra Prakash Bachkheti,34299,hrms34299@derbygroup.local,Sales,,,2026-07-08,,AUH,F4Y3,muhammad.fakhar.e.alam.khan@derbygroup.local,praveen.pv@derbygroup.local,,4000,Credit Cards,
Yamuna Chirukandam Parambil,32660,hrms32660@derbygroup.local,Sales,,,2025-12-26,,AUH,E9Z6,muhammad.fakhar.e.alam.khan@derbygroup.local,praveen.pv@derbygroup.local,,4000,Credit Cards,
Rafia Khalid,30052,hrms30052@derbygroup.local,Sales,,,2026-03-03,,AUH,F2F5,muhammad.fakhar.e.alam.khan@derbygroup.local,praveen.pv@derbygroup.local,,4000,Credit Cards,
Praveen Rai,23927,hrms23927@derbygroup.local,Sales,,,2025-08-21,,AUH,E7L8,praveen.pv@derbygroup.local,praveen.pv@derbygroup.local,,5000,Personal Loans,
Magdy Adel Mohamed Mahmoud Moustafa Watany,26966,hrms26966@derbygroup.local,Sales,,,2025-12-26,,AUH,E9Y5,sajjad.hussain@derbygroup.local,praveen.pv@derbygroup.local,,4000,Auto Loans,
Muhammad Atif,22459,hrms22459@derbygroup.local,Sales,,,2025-11-11,,AUH,E9C9,sajjad.hussain@derbygroup.local,praveen.pv@derbygroup.local,,4000,Credit Cards,
Zafar Ali,10063,hrms10063@derbygroup.local,Sales,,,2025-12-26,,AUH,E9Z3,sajjad.hussain@derbygroup.local,praveen.pv@derbygroup.local,,4000,Credit Cards,
Rowena Sayat Nanas,7253,hrms7253@derbygroup.local,Sales,,,2022-05-12,,AUH,B3U7,sajjad.hussain@derbygroup.local,praveen.pv@derbygroup.local,,5500,Credit Cards,
Kiran Kumar Mamidala,6890,hrms6890@derbygroup.local,Sales,,,2022-06-15,,AUH,B4X6,sajjad.hussain@derbygroup.local,praveen.pv@derbygroup.local,,5000,Credit Cards,
Syed Sadaqat Hussain,11531,hrms11531@derbygroup.local,Sales,,,2025-04-30,,AUH,E4P9,sajjad.hussain@derbygroup.local,praveen.pv@derbygroup.local,,4000,Credit Cards,
Waseem Muhammad,11536,hrms11536@derbygroup.local,Sales,,,2025-04-30,,AUH,E4Q6,sajjad.hussain@derbygroup.local,praveen.pv@derbygroup.local,,4000,Credit Cards,
Muhammad Ahsan,26720,hrms26720@derbygroup.local,Sales,,,2025-08-26,,AUH,E7M5,sajjad.hussain@derbygroup.local,praveen.pv@derbygroup.local,,4000,Credit Cards,
Muhammad Naveed,23915,hrms23915@derbygroup.local,Sales,,,2025-08-08,,AUH,E6Z1,sajjad.hussain@derbygroup.local,praveen.pv@derbygroup.local,,4000,Credit Cards,
Ghulam Husain Suleman,35367,hrms35367@derbygroup.local,Sales,,,2026-08-31,,AUH,F5M5,sajjad.hussain@derbygroup.local,praveen.pv@derbygroup.local,,4000,Credit Cards,
Ramesh Kallayil Krishnan,21176,hrms21176@derbygroup.local,Sales,,,2025-12-27,,AUH,E9Z5,sajjad.hussain@derbygroup.local,praveen.pv@derbygroup.local,,4000,Credit Cards,
Abeir Radwan Abdalla Ismail,24201,hrms24201@derbygroup.local,Sales,,,2026-04-06,,AUH,F3J5,sajjad.hussain@derbygroup.local,praveen.pv@derbygroup.local,,5000,Credit Cards,
Tehsin Yousaf Awaisi,6396,hrms6396@derbygroup.local,Sales,,,2023-01-31,,AUH,B9U3,sajjad.hussain@derbygroup.local,praveen.pv@derbygroup.local,,5000,Personal Loans,
Syed Ali Hani,24080,hrms24080@derbygroup.local,Sales,,,2025-10-24,,AUH,E8N9,sajjad.hussain@derbygroup.local,praveen.pv@derbygroup.local,,5000,Personal Loans,
Mujahid Ahad Khan,23511,hrms23511@derbygroup.local,Sales,,,2026-08-31,,AUH,F5M8,sajjad.hussain@derbygroup.local,praveen.pv@derbygroup.local,,5000,Personal Loans,
Kaleshkumar Balakrishnan,3116,hrms3116@derbygroup.local,Sales,,,2024-07-23,,AUH,D5E3,sajjad.hussain@derbygroup.local,praveen.pv@derbygroup.local,,5000,Personal Loans,
Syed Gohar Ali Shah,28643,hrms28643@derbygroup.local,Sales,,,2025-11-07,,AUH,E9C7,suneel.kumar.jain@derbygroup.local,praveen.pv@derbygroup.local,,4000,Credit Cards,
Suleman Ishaq,7147,hrms7147@derbygroup.local,Sales,,,2022-06-15,,AUH,B4V9,suneel.kumar.jain@derbygroup.local,praveen.pv@derbygroup.local,,5000,Credit Cards,
Paulomi Nirav Kumar Pathak,7099,hrms7099@derbygroup.local,Sales,,,2022-06-15,,AUH,B4W1,suneel.kumar.jain@derbygroup.local,praveen.pv@derbygroup.local,,7000,Credit Cards,
Hasnain Ali,3284,hrms3284@derbygroup.local,Sales,,,2024-07-01,,AUH,D4N7,suneel.kumar.jain@derbygroup.local,praveen.pv@derbygroup.local,,4000,Credit Cards,
Aman Keematwani,10004,hrms10004@derbygroup.local,Sales,,,2025-02-03,,AUH,E1Y1,suneel.kumar.jain@derbygroup.local,praveen.pv@derbygroup.local,,5000,Credit Cards,
Gousuddin Shaikh,3641,hrms3641@derbygroup.local,Sales,,,2024-05-20,,AUH,D3H1,suneel.kumar.jain@derbygroup.local,praveen.pv@derbygroup.local,,4000,Credit Cards,
Mohsin Mustafa,23924,hrms23924@derbygroup.local,Sales,,,2025-09-22,,AUH,E8D8,suneel.kumar.jain@derbygroup.local,praveen.pv@derbygroup.local,,4000,Credit Cards,
Shair Ahmed Nawaz,32048,hrms32048@derbygroup.local,Sales,,,2025-09-22,,AUH,E7T8,suneel.kumar.jain@derbygroup.local,praveen.pv@derbygroup.local,,5000,Credit Cards,
Kamlesh Tomar,21236,hrms21236@derbygroup.local,Sales,,,2025-06-03,,AUH,E5P9,suneel.kumar.jain@derbygroup.local,praveen.pv@derbygroup.local,,5000,Credit Cards,
Yasir Khan,23914,hrms23914@derbygroup.local,Sales,,,2025-08-04,,AUH,E6X7,suneel.kumar.jain@derbygroup.local,praveen.pv@derbygroup.local,,4000,Credit Cards,
Vishal Rathod,23898,hrms23898@derbygroup.local,Sales,,,2025-08-19,,AUH,E7J7,suneel.kumar.jain@derbygroup.local,praveen.pv@derbygroup.local,,5000,Credit Cards,
Krishnaben Jimit Vyas,4034,hrms4034@derbygroup.local,Sales,,,2025-08-07,,AUH,E6X5,suneel.kumar.jain@derbygroup.local,praveen.pv@derbygroup.local,,5000,Credit Cards,
Favjan A Rasid Puchhadiya,23917,hrms23917@derbygroup.local,Sales,,,2025-08-05,,AUH,E6X4,suneel.kumar.jain@derbygroup.local,praveen.pv@derbygroup.local,,4000,Credit Cards,
Sneh Sharma,23938,hrms23938@derbygroup.local,Sales,,,2025-08-05,,AUH,E6X6,suneel.kumar.jain@derbygroup.local,praveen.pv@derbygroup.local,,4000,Credit Cards,
Toheed Ali Noman,34577,hrms34577@derbygroup.local,Sales,,,2026-04-10,,AUH,F3G4,suneel.kumar.jain@derbygroup.local,praveen.pv@derbygroup.local,,5000,Credit Cards,
Priyanka Mishra,7162,hrms7162@derbygroup.local,Sales,,,2022-06-15,,AUH,B4V7,suneel.kumar.jain@derbygroup.local,praveen.pv@derbygroup.local,,5000,Credit Cards,
Eslam Mohamed Abdelhamid Ibrahim,4088,hrms4088@derbygroup.local,Sales,,,2024-03-13,,AUH,D1I6,suneel.kumar.jain@derbygroup.local,praveen.pv@derbygroup.local,,4000,Credit Cards,
Shawaz Malik,35508,hrms35508@derbygroup.local,Sales,,,2026-07-08,,AUH,F4W2,suneel.kumar.jain@derbygroup.local,praveen.pv@derbygroup.local,,5000,Credit Cards,
Channah Lopez,26070,hrms26070@derbygroup.local,Sales,,,2025-12-12,,AUH,E9M2,susil.kumar.radha.sudhakaran@derbygroup.local,praveen.pv@derbygroup.local,,4500,Credit Cards,
Geesara Nethmal Edirisinghe,2762,hrms2762@derbygroup.local,Sales,,,2024-08-26,,AUH,D6J2,susil.kumar.radha.sudhakaran@derbygroup.local,praveen.pv@derbygroup.local,,4000,Credit Cards,
Abhilash Thottol,3382,hrms3382@derbygroup.local,Sales,,,2024-06-24,,AUH,D4N6,susil.kumar.radha.sudhakaran@derbygroup.local,praveen.pv@derbygroup.local,,4000,Credit Cards,
Nikhil Panaru Kandiyil,20792,hrms20792@derbygroup.local,Sales,,,2025-05-12,,AUH,E4T6,susil.kumar.radha.sudhakaran@derbygroup.local,praveen.pv@derbygroup.local,,4000,Credit Cards,
Siju Yohannan Koshy,23522,hrms23522@derbygroup.local,Sales,,,2025-07-07,,AUH,E6G3,susil.kumar.radha.sudhakaran@derbygroup.local,praveen.pv@derbygroup.local,,4000,Credit Cards,
Vivek Kallayan,23524,hrms23524@derbygroup.local,Sales,,,2025-07-08,,AUH,E6G5,susil.kumar.radha.sudhakaran@derbygroup.local,praveen.pv@derbygroup.local,,4000,Credit Cards,
Shahna Shahida,2316,hrms2316@derbygroup.local,Sales,,,2026-05-06,,AUH,F3Z3,susil.kumar.radha.sudhakaran@derbygroup.local,praveen.pv@derbygroup.local,,4000,Credit Cards,
Abuzar Noorulhasan Shah,24242,hrms24242@derbygroup.local,Sales,,,2025-12-12,,AUH,E9P4,susil.kumar.radha.sudhakaran@derbygroup.local,praveen.pv@derbygroup.local,,4000,Credit Cards,
Prashant Kumar Gupta,33011,hrms33011@derbygroup.local,Sales,,,2025-11-07,,AUH,E9C5,tariq.ali.khan@derbygroup.local,praveen.pv@derbygroup.local,,4000,Credit Cards,
Intakhabul Iqbal,3670,hrms3670@derbygroup.local,Sales,,,2025-12-26,,AUH,E9Z7,tariq.ali.khan@derbygroup.local,praveen.pv@derbygroup.local,,4500,Credit Cards,
Hector Maranan,6940,hrms6940@derbygroup.local,Sales,,,2022-10-10,,AUH,B6E9,tariq.ali.khan@derbygroup.local,praveen.pv@derbygroup.local,,5000,Credit Cards,
Uzair Majid,4371,hrms4371@derbygroup.local,Sales,,,2024-02-02,,AUH,C8U3,tariq.ali.khan@derbygroup.local,praveen.pv@derbygroup.local,,5000,Credit Cards,
Mohd Rizwan,3571,hrms3571@derbygroup.local,Sales,,,2024-05-21,,AUH,D3D1,tariq.ali.khan@derbygroup.local,praveen.pv@derbygroup.local,,4000,Credit Cards,
Roohi Ahsan,2934,hrms2934@derbygroup.local,Sales,,,2024-08-12,,AUH,D6J1,tariq.ali.khan@derbygroup.local,praveen.pv@derbygroup.local,,5000,Credit Cards,
Shiza Gul,4400,hrms4400@derbygroup.local,Sales,,,2024-01-24,,AUH,C8R2,tariq.ali.khan@derbygroup.local,praveen.pv@derbygroup.local,,4000,Credit Cards,
Mohammad Khurshid,3690,hrms3690@derbygroup.local,Sales,,,2024-05-17,,AUH,D3D2,tariq.ali.khan@derbygroup.local,praveen.pv@derbygroup.local,,4500,Credit Cards,
Subhan Mohd Arif Sayyed,41249,hrms41249@derbygroup.local,Sales,,,2026-09-02,,AUH,F5N5,tariq.ali.khan@derbygroup.local,praveen.pv@derbygroup.local,,4000,Credit Cards,
Darold Lasquite,22584,hrms22584@derbygroup.local,Sales,,,2025-06-23,,AUH,E5P8,tariq.ali.khan@derbygroup.local,praveen.pv@derbygroup.local,,4000,Personal Loans,
Narendra Narsaih Bitla,23894,hrms23894@derbygroup.local,Sales,,,2025-10-17,,AUH,E8N6,zeeshan.patel@derbygroup.local,praveen.pv@derbygroup.local,,4500,Credit Cards,
Cinderella Michael,33002,hrms33002@derbygroup.local,Sales,,,2025-11-07,,AUH,E9D2,zeeshan.patel@derbygroup.local,praveen.pv@derbygroup.local,,4000,Credit Cards,
Mahnoor Ilyas,22087,hrms22087@derbygroup.local,Sales,,,2025-12-12,,AUH,E9N9,zeeshan.patel@derbygroup.local,praveen.pv@derbygroup.local,,4000,Credit Cards,
Sam John,32429,hrms32429@derbygroup.local,Sales,,,2026-02-09,,AUH,F1P8,zeeshan.patel@derbygroup.local,praveen.pv@derbygroup.local,,4000,Credit Cards,
Ratheesh Krishnan,4066,hrms4066@derbygroup.local,Sales,,,2024-04-03,,AUH,D1H6,zeeshan.patel@derbygroup.local,praveen.pv@derbygroup.local,,5000,Credit Cards,
Arbab Khan,21239,hrms21239@derbygroup.local,Sales,,,2025-06-03,,AUH,E5P1,zeeshan.patel@derbygroup.local,praveen.pv@derbygroup.local,,4000,Credit Cards,
Palanikumar Sundaram,6941,hrms6941@derbygroup.local,Sales,,,2022-04-28,,AUH,B3K8,zeeshan.patel@derbygroup.local,praveen.pv@derbygroup.local,,5000,Credit Cards,
Sooraj Kunnapada,6945,hrms6945@derbygroup.local,Sales,,,2022-04-28,,AUH,B3K9,zeeshan.patel@derbygroup.local,praveen.pv@derbygroup.local,,5000,Credit Cards,
Riyasudeen Syed,6917,hrms6917@derbygroup.local,Sales,,,2022-03-28,,AUH,B6U1,zeeshan.patel@derbygroup.local,praveen.pv@derbygroup.local,,5000,Credit Cards,
Santosh Maru Dhotre,6753,hrms6753@derbygroup.local,Sales,,,2022-10-13,,AUH,B7S8,zeeshan.patel@derbygroup.local,praveen.pv@derbygroup.local,,5000,Credit Cards,
Sridhar Kathirvel,32114,hrms32114@derbygroup.local,Sales,,,2025-09-23,,AUH,E8E3,zeeshan.patel@derbygroup.local,praveen.pv@derbygroup.local,,4000,Credit Cards,
Bela Rana,6577,hrms6577@derbygroup.local,Sales,,,2022-12-13,,AUH,B8S5,zeeshan.patel@derbygroup.local,praveen.pv@derbygroup.local,,5000,Credit Cards,
Mohammad Saif Alam,7237,hrms7237@derbygroup.local,Sales,,,2021-04-21,,AUH,A8M9,zeeshan.patel@derbygroup.local,praveen.pv@derbygroup.local,,6000,Credit Cards,
